id,lat,long,depth,alert,cdi,code,detail,dmin,felt,gap,ids,mag,magType,mmi,net,nst,place,rms,sig,sources,status,time,title,tsunami,type,types,tz,updated,url
us100095bz,-98.8858,36.5142,5.0,,,100095bz,https://earthquake.usgs.gov/fdsnws/event/1/query?eventid=us100095bz&format=geojson,0.239,,109,us100095bz,2.8,mb_lg,,us,,"29km ENE of Mooreland, Oklahoma",0.59,121,",us,",reviewed,1498760916660,"M 2.8 - 29km ENE of Mooreland, Oklahoma",0,earthquake,"geoserve,origin,phase-data",-360,1506477798040,https://earthquake.usgs.gov/earthquakes/eventpage/us100095bz
us100095a0,-98.9667,36.533,5.942,,,100095a0,https://earthquake.usgs.gov/fdsnws/event/1/query?eventid=us100095a0&format=geojson,,,89,us100095a0,2.8,ml,,us,,"23km ENE of Mooreland, Oklahoma",0.28,121,",us,",reviewed,1498740449700,"M 2.8 - 23km ENE of Mooreland, Oklahoma",0,earthquake,"geoserve,origin,phase-data",-360,1506477798040,https://earthquake.usgs.gov/earthquakes/eventpage/us100095a0
us1000959r,-98.9667,36.533,6.431,,2.7,1000959r,https://earthquake.usgs.gov/fdsnws/event/1/query?eventid=us1000959r&format=geojson,,3.0,59,us1000959r,3.5,ml,4.05,us,,"23km ENE of Mooreland, Oklahoma",0.49,189,",us,",reviewed,1498735914900,"M 3.5 - 23km ENE of Mooreland, Oklahoma",0,earthquake,"dyfi,geoserve,origin,phase-data,shakemap",-360,1506477798040,https://earthquake.usgs.gov/earthquakes/eventpage/us1000959r
us20009pwd,-97.3756,35.7411,5.667,,4.6,20009pwd,https://earthquake.usgs.gov/fdsnws/event/1/query?eventid=us20009pwd&format=geojson,,4.0,38,us20009pwd,2.6,ml,,us,,"13km NE of Edmond, Oklahoma",0.18,106,",us,",reviewed,1498583922200,"M 2.6 - 13km NE of Edmond, Oklahoma",0,earthquake,"dyfi,geoserve,origin,phase-data",-360,1506477795040,https://earthquake.usgs.gov/earthquakes/eventpage/us20009pwd
us20009pvp,-96.6503,35.7928,3.32,,2.7,20009pvp,https://earthquake.usgs.gov/fdsnws/event/1/query?eventid=us20009pvp&format=geojson,0.133,3.0,65,us20009pvp,2.6,mb_lg,,us,,"4km N of Stroud, Oklahoma",0.19,105,",us,",reviewed,1498575472910,"M 2.6 - 4km N of Stroud, Oklahoma",0,earthquake,"dyfi,geoserve,origin,phase-data",-360,1506477795040,https://earthquake.usgs.gov/earthquakes/eventpage/us20009pvp
us20009pu6,-97.2848,36.4723,5.0,,3.1,20009pu6,https://earthquake.usgs.gov/fdsnws/event/1/query?eventid=us20009pu6&format=geojson,0.215,13.0,26,us20009pu6,3.3,mb_lg,,us,,"20km N of Perry, Oklahoma",0.47,172,",us,",reviewed,1498543674920,"M 3.3 - 20km N of Perry, Oklahoma",0,earthquake,"dyfi,geoserve,origin,phase-data",-360,1506477794040,https://earthquake.usgs.gov/earthquakes/eventpage/us20009pu6
us20009pns,-97.6782,36.684,5.41,,2.5,20009pns,https://earthquake.usgs.gov/fdsnws/event/1/query?eventid=us20009pns&format=geojson,0.221,4.0,50,us20009pns,2.5,mb_lg,,us,,"14km SSE of Medford, Oklahoma",0.38,97,",us,",reviewed,1498435114110,"M 2.5 - 14km SSE of Medford, Oklahoma",0,earthquake,"dyfi,geoserve,origin,phase-data",-360,1506477792040,https://earthquake.usgs.gov/earthquakes/eventpage/us20009pns
us20009pmi,-97.8144,37.5733,4.11,,3.1,20009pmi,https://earthquake.usgs.gov/fdsnws/event/1/query?eventid=us20009pmi&format=geojson,0.31,10.0,90,us20009pmi,2.6,mb_lg,,us,,"6km SSW of Cheney, Kansas",0.25,107,",us,",reviewed,1498405327210,"M 2.6 - 6km SSW of Cheney, Kansas",0,earthquake,"dyfi,geoserve,origin,phase-data",-360,1506477792040,https://earthquake.usgs.gov/earthquakes/eventpage/us20009pmi
us20009pm5,-97.7955,37.613,5.0,,3.4,20009pm5,https://earthquake.usgs.gov/fdsnws/event/1/query?eventid=us20009pm5&format=geojson,0.342,6.0,100,us20009pm5,2.6,mb_lg,,us,,"2km SSW of Cheney, Kansas",0.49,106,",us,",reviewed,1498395501060,"M 2.6 - 2km SSW of Cheney, Kansas",0,earthquake,"dyfi,geoserve,origin,phase-data",-360,1506477792040,https://earthquake.usgs.gov/earthquakes/eventpage/us20009pm5
se60172752,-84.256,35.7468333,21.02,,4.1,60172752,https://earthquake.usgs.gov/fdsnws/event/1/query?eventid=se60172752&format=geojson,0.08711,66.0,45,"se60172752,us20009plq",2.57,md,,se,29.0,"5km S of Lenoir City, Tennessee",0.12,129,",se,us,",reviewed,1498384857490,"M 2.6 - 5km S of Lenoir City, Tennessee",0,earthquake,"dyfi,geoserve,origin,phase-data",-300,1506477792040,https://earthquake.usgs.gov/earthquakes/eventpage/se60172752
us20009pkv,-96.9235,36.4235,5.32,,2.7,20009pkv,https://earthquake.usgs.gov/fdsnws/event/1/query?eventid=us20009pkv&format=geojson,0.017,6.0,66,us20009pkv,2.9,mb_lg,,us,,"14km NW of Pawnee, Oklahoma",0.12,131,",us,",reviewed,1498367061500,"M 2.9 - 14km NW of Pawnee, Oklahoma",0,earthquake,"dyfi,geoserve,origin,phase-data",-360,1506477791040,https://earthquake.usgs.gov/earthquakes/eventpage/us20009pkv
us20009pje,-99.6323,36.8901,2.88,,3.1,20009pje,https://earthquake.usgs.gov/fdsnws/event/1/query?eventid=us20009pje&format=geojson,0.617,21.0,53,us20009pje,2.8,mb_lg,,us,,"6km N of Buffalo, Oklahoma",0.55,127,",us,",reviewed,1498354341680,"M 2.8 - 6km N of Buffalo, Oklahoma",0,earthquake,"dyfi,geoserve,origin,phase-data",-360,1506477791040,https://earthquake.usgs.gov/earthquakes/eventpage/us20009pje
us20009phl,-96.8807,36.4449,2.41,,2.5,20009phl,https://earthquake.usgs.gov/fdsnws/event/1/query?eventid=us20009phl&format=geojson,0.051,1.0,61,us20009phl,2.8,mb_lg,,us,,"13km NNW of Pawnee, Oklahoma",0.18,121,",us,",reviewed,1498320851850,"M 2.8 - 13km NNW of Pawnee, Oklahoma",0,earthquake,"dyfi,geoserve,origin,phase-data",-360,1503506150040,https://earthquake.usgs.gov/earthquakes/eventpage/us20009phl
us20009phb,-96.8899,36.4505,5.67,,1.0,20009phb,https://earthquake.usgs.gov/fdsnws/event/1/query?eventid=us20009phb&format=geojson,0.055,0.0,73,us20009phb,2.7,mb_lg,,us,,"14km NNW of Pawnee, Oklahoma",0.19,112,",us,",reviewed,1498320809470,"M 2.7 - 14km NNW of Pawnee, Oklahoma",0,earthquake,"dyfi,geoserve,origin,phase-data",-360,1503506150040,https://earthquake.usgs.gov/earthquakes/eventpage/us20009phb
us20009peg,-96.6846,35.8652,6.355,,,20009peg,https://earthquake.usgs.gov/fdsnws/event/1/query?eventid=us20009peg&format=geojson,,,43,us20009peg,2.5,ml,,us,,"13km N of Stroud, Oklahoma",0.28,96,",us,",reviewed,1498256543300,"M 2.5 - 13km N of Stroud, Oklahoma",0,earthquake,"geoserve,origin,phase-data",-360,1503506149040,https://earthquake.usgs.gov/earthquakes/eventpage/us20009peg
us20009pde,-98.1135,37.2655,5.94,,2.0,20009pde,https://earthquake.usgs.gov/fdsnws/event/1/query?eventid=us20009pde&format=geojson,0.055,2.0,94,us20009pde,2.5,mb_lg,,us,,"8km WSW of Harper, Kansas",0.4,97,",us,",reviewed,1498247987310,"M 2.5 - 8km WSW of Harper, Kansas",0,earthquake,"dyfi,geoserve,origin,phase-data",-360,1503506149040,https://earthquake.usgs.gov/earthquakes/eventpage/us20009pde
us20009p7s,-98.7856,36.4479,1.37,,2.2,20009p7s,https://earthquake.usgs.gov/fdsnws/event/1/query?eventid=us20009p7s&format=geojson,0.187,4.0,79,us20009p7s,2.9,mb_lg,,us,,"33km NW of Fairview, Oklahoma",0.25,130,",us,",reviewed,1498194278660,"M 2.9 - 33km NW of Fairview, Oklahoma",0,earthquake,"dyfi,geoserve,origin,phase-data",-360,1503506148040,https://earthquake.usgs.gov/earthquakes/eventpage/us20009p7s
us20009p4x,-97.0123,36.2114,6.186,,,20009p4x,https://earthquake.usgs.gov/fdsnws/event/1/query?eventid=us20009p4x&format=geojson,,,25,us20009p4x,2.6,ml,,us,,"11km NNE of Stillwater, Oklahoma",0.32,104,",us,",reviewed,1498169472400,"M 2.6 - 11km NNE of Stillwater, Oklahoma",0,earthquake,"geoserve,origin,phase-data",-360,1503506147040,https://earthquake.usgs.gov/earthquakes/eventpage/us20009p4x
us20009p1d,-97.9742,37.2295,4.37,,5.3,20009p1d,https://earthquake.usgs.gov/fdsnws/event/1/query?eventid=us20009p1d&format=geojson,0.004,15.0,122,"us20009p1d,ismpkansas70229628",3.7,ml,4.19,us,,"7km SE of Harper, Kansas",0.15,219,",us,ismpkansas,",reviewed,1498135491170,"M 3.7 - 7km SE of Harper, Kansas",0,earthquake,"dyfi,geoserve,origin,phase-data,shakemap",-360,1503506147040,https://earthquake.usgs.gov/earthquakes/eventpage/us20009p1d
us20009wpe,-74.9348,46.1156,12.28,,,20009wpe,https://earthquake.usgs.gov/fdsnws/event/1/query?eventid=us20009wpe&format=geojson,0.285,,104,us20009wpe,2.6,mb_lg,,us,,"24km SW of Labelle, Canada",0.66,104,",us,",reviewed,1498090545190,"M 2.6 - 24km SW of Labelle, Canada",0,earthquake,"geoserve,origin,phase-data",-300,1503506151040,https://earthquake.usgs.gov/earthquakes/eventpage/us20009wpe
us20009ny5,-97.5992,32.925,2.89,,4.6,20009ny5,https://earthquake.usgs.gov/fdsnws/event/1/query?eventid=us20009ny5&format=geojson,0.059,117.0,34,us20009ny5,2.8,mb_lg,,us,,"2km SW of Reno, Texas",0.57,174,",us,",reviewed,1498085525320,"M 2.8 - 2km SW of Reno, Texas",0,earthquake,"dyfi,geoserve,origin,phase-data",-360,1503506146040,https://earthquake.usgs.gov/earthquakes/eventpage/us20009ny5
se60172362,-81.3985,38.1995,16.61,,3.8,60172362,https://earthquake.usgs.gov/fdsnws/event/1/query?eventid=se60172362&format=geojson,0.405,2.0,70,"se60172362,ld60136681,us20009nvl",2.7,md,,se,17.0,"6km WNW of Montgomery, West Virginia",0.38,113,",se,ld,us,",reviewed,1498032092720,"M 2.7 - 6km WNW of Montgomery, West Virginia",0,earthquake,"dyfi,geoserve,origin,phase-data",-300,1505325792911,https://earthquake.usgs.gov/earthquakes/eventpage/se60172362
nm60172352,-92.9976667,36.375,4.81,,3.1,60172352,https://earthquake.usgs.gov/fdsnws/event/1/query?eventid=nm60172352&format=geojson,0.0005788,14.0,84,"nm60172352,us20009nu5",2.52,md,,nm,13.0,"18km NNE of Harrison, Arkansas",0.07,102,",nm,us,",reviewed,1498022588160,"M 2.5 - 18km NNE of Harrison, Arkansas",0,earthquake,"dyfi,geoserve,origin,phase-data",-360,1503506146040,https://earthquake.usgs.gov/earthquakes/eventpage/nm60172352
us20009ntj,-97.0186,35.5022,6.07,,4.5,20009ntj,https://earthquake.usgs.gov/fdsnws/event/1/query?eventid=us20009ntj&format=geojson,0.068,4.0,62,us20009ntj,2.5,mb_lg,,us,,"9km NE of McLoud, Oklahoma",0.31,98,",us,",reviewed,1497999704040,"M 2.5 - 9km NE of McLoud, Oklahoma",0,earthquake,"dyfi,geoserve,origin,phase-data",-360,1503506146040,https://earthquake.usgs.gov/earthquakes/eventpage/us20009ntj
us20009ntg,-98.13,37.2747,3.06,,2.0,20009ntg,https://earthquake.usgs.gov/fdsnws/event/1/query?eventid=us20009ntg&format=geojson,0.135,2.0,58,us20009ntg,3.1,mb_lg,,us,,"9km W of Harper, Kansas",0.27,148,",us,",reviewed,1497996897610,"M 3.1 - 9km W of Harper, Kansas",0,earthquake,"dyfi,geoserve,origin,phase-data",-360,1503506146040,https://earthquake.usgs.gov/earthquakes/eventpage/us20009ntg
se60172262,-82.0168333,33.4275,12.93,,4.6,60172262,https://earthquake.usgs.gov/fdsnws/event/1/query?eventid=se60172262&format=geojson,0.347,2136.0,46,"se60172262,us20009nr8",3.2,mlg,,se,25.0,"6km SW of Augusta, Georgia",0.19,618,",se,us,",reviewed,1497971644910,"M 3.2 - 6km SW of Augusta, Georgia",0,earthquake,"dyfi,geoserve,origin,phase-data",-300,1503506145040,https://earthquake.usgs.gov/earthquakes/eventpage/se60172262
us20009nnw,-97.5177,36.2815,3.53,,2.9,20009nnw,https://earthquake.usgs.gov/fdsnws/event/1/query?eventid=us20009nnw&format=geojson,0.207,5.0,25,us20009nnw,2.9,mb_lg,,us,,"20km W of Perry, Oklahoma",0.17,131,",us,",reviewed,1497939798080,"M 2.9 - 20km W of Perry, Oklahoma",0,earthquake,"dyfi,geoserve,origin,phase-data",-360,1503506145040,https://earthquake.usgs.gov/earthquakes/eventpage/us20009nnw
us20009nns,-98.9502,36.2041,3.737,,,20009nns,https://earthquake.usgs.gov/fdsnws/event/1/query?eventid=us20009nns&format=geojson,,,81,us20009nns,2.5,ml,,us,,"18km N of Taloga, Oklahoma",0.43,96,",us,",reviewed,1497933947700,"M 2.5 - 18km N of Taloga, Oklahoma",0,earthquake,"geoserve,origin,phase-data",-360,1503506145040,https://earthquake.usgs.gov/earthquakes/eventpage/us20009nns
us20009nnp,-97.136,37.5278,5.0,,4.6,20009nnp,https://earthquake.usgs.gov/fdsnws/event/1/query?eventid=us20009nnp&format=geojson,0.446,106.0,61,us20009nnp,2.6,mb_lg,,us,,"3km S of Rose Hill, Kansas",0.25,153,",us,",reviewed,1497928411590,"M 2.6 - 3km S of Rose Hill, Kansas",0,earthquake,"dyfi,geoserve,origin,phase-data",-360,1503506145040,https://earthquake.usgs.gov/earthquakes/eventpage/us20009nnp
se60172242,-83.3596667,37.2525,4.55,,,60172242,https://earthquake.usgs.gov/fdsnws/event/1/query?eventid=se60172242&format=geojson,0.122,,88,se60172242,2.57,md,,se,34.0,"10km N of Hyden, Kentucky",0.19,102,",se,",reviewed,1497924408410,"M 2.6 - 10km N of Hyden, Kentucky",0,earthquake,"geoserve,origin,phase-data",-300,1497972395475,https://earthquake.usgs.gov/earthquakes/eventpage/se60172242
us20009nlt,-96.8946,35.6176,5.0,,2.0,20009nlt,https://earthquake.usgs.gov/fdsnws/event/1/query?eventid=us20009nlt&format=geojson,,1.0,37,us20009nlt,3.0,ml,,us,,"9km S of Chandler, Oklahoma",0.11,139,",us,",reviewed,1497895857600,"M 3.0 - 9km S of Chandler, Oklahoma",0,earthquake,"dyfi,geoserve,origin,phase-data",-360,1503506145040,https://earthquake.usgs.gov/earthquakes/eventpage/us20009nlt
us20009nlf,-97.8239,36.1173,2.3,,,20009nlf,https://earthquake.usgs.gov/fdsnws/event/1/query?eventid=us20009nlf&format=geojson,0.105,,26,us20009nlf,2.5,mb_lg,,us,,"6km E of Hennessey, Oklahoma",0.11,96,",us,",reviewed,1497885451790,"M 2.5 - 6km E of Hennessey, Oklahoma",0,earthquake,"geoserve,origin,phase-data",-360,1503506145040,https://earthquake.usgs.gov/earthquakes/eventpage/us20009nlf
us20009nku,-98.9497,36.2073,4.999,,2.9,20009nku,https://earthquake.usgs.gov/fdsnws/event/1/query?eventid=us20009nku&format=geojson,,1.0,81,us20009nku,2.6,ml,,us,,"18km N of Taloga, Oklahoma",0.58,104,",us,",reviewed,1497875721200,"M 2.6 - 18km N of Taloga, Oklahoma",0,earthquake,"dyfi,geoserve,origin,phase-data",-360,1503506145040,https://earthquake.usgs.gov/earthquakes/eventpage/us20009nku
nm60172172,-89.803,36.075,8.59,,2.7,60172172,https://earthquake.usgs.gov/fdsnws/event/1/query?eventid=nm60172172&format=geojson,0.061,4.0,38,"nm60172172,us20009nkn",2.68,md,,nm,64.0,"2km ESE of Steele, Missouri",0.14,112,",nm,us,",reviewed,1497871618710,"M 2.7 - 2km ESE of Steele, Missouri",0,earthquake,"dyfi,geoserve,origin,phase-data",-360,1503506144040,https://earthquake.usgs.gov/earthquakes/eventpage/nm60172172
us20009nja,-98.2307,39.7851,5.0,,3.1,20009nja,https://earthquake.usgs.gov/fdsnws/event/1/query?eventid=us20009nja&format=geojson,1.122,2.0,59,us20009nja,2.9,mb_lg,,us,,"1km W of Mankato, Kansas",0.66,130,",us,",reviewed,1497855757320,"M 2.9 - 1km W of Mankato, Kansas",0,earthquake,"dyfi,geoserve,origin,phase-data",-360,1503506144040,https://earthquake.usgs.gov/earthquakes/eventpage/us20009nja
us20009nhj,-98.9259,36.2183,8.1,,,20009nhj,https://earthquake.usgs.gov/fdsnws/event/1/query?eventid=us20009nhj&format=geojson,0.172,,54,us20009nhj,2.7,mb_lg,,us,,"20km N of Taloga, Oklahoma",0.34,112,",us,",reviewed,1497820511740,"M 2.7 - 20km N of Taloga, Oklahoma",0,earthquake,"geoserve,origin,phase-data",-360,1503506144040,https://earthquake.usgs.gov/earthquakes/eventpage/us20009nhj
us20009nb9,-96.6812,35.2555,5.0,,2.0,20009nb9,https://earthquake.usgs.gov/fdsnws/event/1/query?eventid=us20009nb9&format=geojson,0.405,1.0,73,us20009nb9,2.5,mb_lg,,us,,"3km NNW of Seminole, Oklahoma",0.45,96,",us,",reviewed,1497729133630,"M 2.5 - 3km NNW of Seminole, Oklahoma",0,earthquake,"dyfi,geoserve,origin,phase-data",-360,1503098012040,https://earthquake.usgs.gov/earthquakes/eventpage/us20009nb9
us20009n9l,-97.5951,35.012,5.77,,3.4,20009n9l,https://earthquake.usgs.gov/fdsnws/event/1/query?eventid=us20009n9l&format=geojson,0.291,11.0,68,us20009n9l,3.2,mb_lg,,us,,"15km SSE of Blanchard, Oklahoma",0.76,161,",us,",reviewed,1497701187750,"M 3.2 - 15km SSE of Blanchard, Oklahoma",0,earthquake,"dyfi,geoserve,origin,phase-data",-360,1503098012040,https://earthquake.usgs.gov/earthquakes/eventpage/us20009n9l
us20009n95,-97.5607,37.008,6.06,,,20009n95,https://earthquake.usgs.gov/fdsnws/event/1/query?eventid=us20009n95&format=geojson,0.067,,84,"ismpkansas70229403,us20009n95",2.6,ml,,us,,"4km ESE of Caldwell, Kansas",0.32,104,",ismpkansas,us,",reviewed,1497690931610,"M 2.6 - 4km ESE of Caldwell, Kansas",0,earthquake,"geoserve,origin,phase-data",-360,1503098011040,https://earthquake.usgs.gov/earthquakes/eventpage/us20009n95
us20009n8y,-98.0698,36.7638,7.51,,,20009n8y,https://earthquake.usgs.gov/fdsnws/event/1/query?eventid=us20009n8y&format=geojson,0.1,,54,us20009n8y,2.6,mb_lg,,us,,"25km E of Cherokee, Oklahoma",0.13,104,",us,",reviewed,1497682797390,"M 2.6 - 25km E of Cherokee, Oklahoma",0,earthquake,"geoserve,origin,phase-data",-360,1503098011040,https://earthquake.usgs.gov/earthquakes/eventpage/us20009n8y
us20009n89,-97.2785,36.1674,2.37,,,20009n89,https://earthquake.usgs.gov/fdsnws/event/1/query?eventid=us20009n89&format=geojson,0.098,,17,us20009n89,2.6,mb_lg,,us,,"13km S of Perry, Oklahoma",0.16,104,",us,",reviewed,1497670826320,"M 2.6 - 13km S of Perry, Oklahoma",0,earthquake,"geoserve,origin,phase-data",-360,1503098011040,https://earthquake.usgs.gov/earthquakes/eventpage/us20009n89
us20009n6p,-96.8858,36.4543,9.17,,,20009n6p,https://earthquake.usgs.gov/fdsnws/event/1/query?eventid=us20009n6p&format=geojson,0.055,,41,us20009n6p,2.5,mb_lg,,us,,"14km NNW of Pawnee, Oklahoma",0.3,96,",us,",reviewed,1497649255610,"M 2.5 - 14km NNW of Pawnee, Oklahoma",0,earthquake,"geoserve,origin,phase-data",-360,1503098011040,https://earthquake.usgs.gov/earthquakes/eventpage/us20009n6p
nm60171697,-92.995,36.3738333,5.66,,4.6,60171697,https://earthquake.usgs.gov/fdsnws/event/1/query?eventid=nm60171697&format=geojson,0.1155,173.0,85,"nm60171697,us20009mwl",2.89,md,,nm,21.0,"18km NNE of Harrison, Arkansas",0.1,208,",nm,us,",reviewed,1497580107580,"M 2.9 - 18km NNE of Harrison, Arkansas",0,earthquake,"dyfi,geoserve,origin,phase-data",-360,1503098009040,https://earthquake.usgs.gov/earthquakes/eventpage/nm60171697
us20009mm3,-96.8881,35.8718,6.834,,2.2,20009mm3,https://earthquake.usgs.gov/fdsnws/event/1/query?eventid=us20009mm3&format=geojson,,1.0,64,us20009mm3,2.7,ml,,us,,"16km SW of Cushing, Oklahoma",0.27,112,",us,",reviewed,1497535885000,"M 2.7 - 16km SW of Cushing, Oklahoma",0,earthquake,"dyfi,geoserve,origin,phase-data",-360,1503098008040,https://earthquake.usgs.gov/earthquakes/eventpage/us20009mm3
us20009ml2,-97.5067,36.2848,6.133,,4.9,20009ml2,https://earthquake.usgs.gov/fdsnws/event/1/query?eventid=us20009ml2&format=geojson,,9.0,25,us20009ml2,3.3,mwr,3.52,us,,"19km W of Perry, Oklahoma",0.25,172,",us,",reviewed,1497512115300,"M 3.3 - 19km W of Perry, Oklahoma",0,earthquake,"dyfi,geoserve,moment-tensor,origin,phase-data,shakemap",-360,1503098008040,https://earthquake.usgs.gov/earthquakes/eventpage/us20009ml2
us20009mre,-97.7904,36.8264,4.895,,,20009mre,https://earthquake.usgs.gov/fdsnws/event/1/query?eventid=us20009mre&format=geojson,,,45,us20009mre,2.5,ml,,us,,"5km WNW of Medford, Oklahoma",0.26,96,",us,",reviewed,1497475318200,"M 2.5 - 5km WNW of Medford, Oklahoma",0,earthquake,"geoserve,origin,phase-data",-360,1503098008040,https://earthquake.usgs.gov/earthquakes/eventpage/us20009mre
us20009mdw,-98.7308,36.7998,1.43,,2.2,20009mdw,https://earthquake.usgs.gov/fdsnws/event/1/query?eventid=us20009mdw&format=geojson,0.093,2.0,54,us20009mdw,2.5,mb_lg,,us,,"5km W of Alva, Oklahoma",0.33,97,",us,",reviewed,1497430271200,"M 2.5 - 5km W of Alva, Oklahoma",0,earthquake,"dyfi,geoserve,origin,phase-data",-360,1503098007040,https://earthquake.usgs.gov/earthquakes/eventpage/us20009mdw
us20009m3y,-98.1575,39.74,5.0,,5.6,20009m3y,https://earthquake.usgs.gov/fdsnws/event/1/query?eventid=us20009m3y&format=geojson,1.133,31.0,18,us20009m3y,3.6,mwr,4.15,us,,"6km SE of Mankato, Kansas",0.84,217,",us,",reviewed,1497346837530,"M 3.6 - 6km SE of Mankato, Kansas",0,earthquake,"dyfi,geoserve,moment-tensor,origin,phase-data,shakemap",-360,1503098005040,https://earthquake.usgs.gov/earthquakes/eventpage/us20009m3y
us20009lxq,-98.1154,39.7383,5.0,,2.0,20009lxq,https://earthquake.usgs.gov/fdsnws/event/1/query?eventid=us20009lxq&format=geojson,1.119,3.0,60,us20009lxq,3.7,mb_lg,4.21,us,,"9km SE of Mankato, Kansas",0.56,211,",us,",reviewed,1497267167440,"M 3.7 - 9km SE of Mankato, Kansas",0,earthquake,"dyfi,geoserve,origin,phase-data,shakemap",-360,1503098004040,https://earthquake.usgs.gov/earthquakes/eventpage/us20009lxq
us20009lxp,-98.1389,39.7291,5.0,,3.4,20009lxp,https://earthquake.usgs.gov/fdsnws/event/1/query?eventid=us20009lxp&format=geojson,1.136,7.0,66,us20009lxp,3.2,mb_lg,,us,,"8km SE of Mankato, Kansas",0.62,160,",us,",reviewed,1497267126420,"M 3.2 - 8km SE of Mankato, Kansas",0,earthquake,"dyfi,geoserve,origin,phase-data",-360,1503098004040,https://earthquake.usgs.gov/earthquakes/eventpage/us20009lxp
us20009lxc,-98.169,39.7453,5.0,,5.3,20009lxc,https://earthquake.usgs.gov/fdsnws/event/1/query?eventid=us20009lxc&format=geojson,1.132,15.0,127,us20009lxc,3.7,mwr,4.28,us,,"5km SE of Mankato, Kansas",0.27,219,",us,",reviewed,1497266314430,"M 3.7 - 5km SE of Mankato, Kansas",0,earthquake,"dyfi,geoserve,moment-tensor,origin,phase-data,shakemap",-360,1503098004040,https://earthquake.usgs.gov/earthquakes/eventpage/us20009lxc
nm60197956,-92.9895,36.376,5.87,,4.8,60197956,https://earthquake.usgs.gov/fdsnws/event/1/query?eventid=nm60197956&format=geojson,0.1115,781.0,85,"us20009luk,nm60197956",3.6,mw,4.04,nm,24.0,"19km NNE of Harrison, Arkansas",0.15,574,",us,nm,",reviewed,1497184825100,"M 3.6 - 19km NNE of Harrison, Arkansas",0,earthquake,"dyfi,geoserve,impact-text,moment-tensor,origin,phase-data,shakemap",-360,1503098002040,https://earthquake.usgs.gov/earthquakes/eventpage/nm60197956
us20009lqh,-97.3944,35.673,5.0,,3.8,20009lqh,https://earthquake.usgs.gov/fdsnws/event/1/query?eventid=us20009lqh&format=geojson,0.094,21.0,98,us20009lqh,2.7,mb_lg,,us,,"7km ENE of Edmond, Oklahoma",0.49,120,",us,",reviewed,1497097261400,"M 2.7 - 7km ENE of Edmond, Oklahoma",0,earthquake,"dyfi,geoserve,origin,phase-data",-360,1502851342040,https://earthquake.usgs.gov/earthquakes/eventpage/us20009lqh
us20009lpq,-98.7528,36.4373,2.93,,,20009lpq,https://earthquake.usgs.gov/fdsnws/event/1/query?eventid=us20009lpq&format=geojson,0.272,,180,us20009lpq,3.4,mwr,3.72,us,,"30km NW of Fairview, Oklahoma",0.25,178,",us,",reviewed,1497078106360,"M 3.4 - 30km NW of Fairview, Oklahoma",0,earthquake,"geoserve,moment-tensor,origin,phase-data,shakemap",-360,1502851342040,https://earthquake.usgs.gov/earthquakes/eventpage/us20009lpq
us20009lpj,-97.9848,37.2345,3.78,,5.4,20009lpj,https://earthquake.usgs.gov/fdsnws/event/1/query?eventid=us20009lpj&format=geojson,0.013,5.0,235,"us20009lpj,ismpkansas70229163",3.7,ml,4.27,us,,"6km SSE of Harper, Kansas",0.57,213,",us,ismpkansas,",reviewed,1497075970890,"M 3.7 - 6km SSE of Harper, Kansas",0,earthquake,"dyfi,geoserve,origin,phase-data,shakemap",-360,1502851342040,https://earthquake.usgs.gov/earthquakes/eventpage/us20009lpj
us20009lng,-96.8826,35.8882,7.181,,3.1,20009lng,https://earthquake.usgs.gov/fdsnws/event/1/query?eventid=us20009lng&format=geojson,,1.0,63,us20009lng,2.5,ml,,us,,"14km SW of Cushing, Oklahoma",0.34,96,",us,",reviewed,1497052876000,"M 2.5 - 14km SW of Cushing, Oklahoma",0,earthquake,"dyfi,geoserve,origin,phase-data",-360,1502851342040,https://earthquake.usgs.gov/earthquakes/eventpage/us20009lng
us20009li8,-98.0396,35.6372,6.85,,4.5,20009li8,https://earthquake.usgs.gov/fdsnws/event/1/query?eventid=us20009li8&format=geojson,,10.0,50,us20009li8,3.2,ml,,us,,"11km SSW of Okarche, Oklahoma",0.66,162,",us,",reviewed,1497011129300,"M 3.2 - 11km SSW of Okarche, Oklahoma",0,earthquake,"dyfi,geoserve,origin,phase-data",-360,1502851341040,https://earthquake.usgs.gov/earthquakes/eventpage/us20009li8
us20009li7,-97.7451,36.6087,6.887,,,20009li7,https://earthquake.usgs.gov/fdsnws/event/1/query?eventid=us20009li7&format=geojson,,,42,us20009li7,3.1,ml,,us,,"22km S of Medford, Oklahoma",0.6,148,",us,",reviewed,1497011031200,"M 3.1 - 22km S of Medford, Oklahoma",0,earthquake,"geoserve,origin,phase-data",-360,1502851341040,https://earthquake.usgs.gov/earthquakes/eventpage/us20009li7
us20009lf4,-98.7715,36.4645,5.678,,,20009lf4,https://earthquake.usgs.gov/fdsnws/event/1/query?eventid=us20009lf4&format=geojson,,,39,us20009lf4,2.5,ml,,us,,"34km NW of Fairview, Oklahoma",0.53,96,",us,",reviewed,1496966950600,"M 2.5 - 34km NW of Fairview, Oklahoma",0,earthquake,"geoserve,origin,phase-data",-360,1502851341040,https://earthquake.usgs.gov/earthquakes/eventpage/us20009lf4
us20009l8s,-98.8188,36.871,4.202,,3.8,20009l8s,https://earthquake.usgs.gov/fdsnws/event/1/query?eventid=us20009l8s&format=geojson,,5.0,129,us20009l8s,3.1,mwr,,us,,"15km WNW of Alva, Oklahoma",0.52,150,",us,",reviewed,1496891377100,"M 3.1 - 15km WNW of Alva, Oklahoma",0,earthquake,"dyfi,geoserve,moment-tensor,origin,phase-data",-360,1502851340040,https://earthquake.usgs.gov/earthquakes/eventpage/us20009l8s
us20009l4z,-98.4308,36.2274,6.153,,3.4,20009l4z,https://earthquake.usgs.gov/fdsnws/event/1/query?eventid=us20009l4z&format=geojson,,6.0,59,us20009l4z,3.2,mwr,3.6,us,,"6km SE of Fairview, Oklahoma",0.38,160,",us,",reviewed,1496853678000,"M 3.2 - 6km SE of Fairview, Oklahoma",0,earthquake,"dyfi,geoserve,moment-tensor,origin,phase-data,shakemap",-360,1502851339040,https://earthquake.usgs.gov/earthquakes/eventpage/us20009l4z
us20009lf1,-98.4347,36.2263,7.141,,,20009lf1,https://earthquake.usgs.gov/fdsnws/event/1/query?eventid=us20009lf1&format=geojson,,,82,us20009lf1,2.5,ml,,us,,"6km SE of Fairview, Oklahoma",0.27,96,",us,",reviewed,1496852969100,"M 2.5 - 6km SE of Fairview, Oklahoma",0,earthquake,"geoserve,origin,phase-data",-360,1502851339040,https://earthquake.usgs.gov/earthquakes/eventpage/us20009lf1
us20009l1y,-98.795,36.4584,5.65,,3.1,20009l1y,https://earthquake.usgs.gov/fdsnws/event/1/query?eventid=us20009l1y&format=geojson,,3.0,38,us20009l1y,3.1,mwr,,us,,"35km NW of Fairview, Oklahoma",0.38,149,",us,",reviewed,1496804074800,"M 3.1 - 35km NW of Fairview, Oklahoma",0,earthquake,"dyfi,geoserve,moment-tensor,origin,phase-data",-360,1502851339040,https://earthquake.usgs.gov/earthquakes/eventpage/us20009l1y
us20009l0y,-97.5044,36.2816,8.104,,,20009l0y,https://earthquake.usgs.gov/fdsnws/event/1/query?eventid=us20009l0y&format=geojson,,,38,us20009l0y,2.6,ml,,us,,"19km W of Perry, Oklahoma",0.26,104,",us,",reviewed,1496788663400,"M 2.6 - 19km W of Perry, Oklahoma",0,earthquake,"geoserve,origin,phase-data",-360,1502851338040,https://earthquake.usgs.gov/earthquakes/eventpage/us20009l0y
nm60197416,-90.4665,37.947,24.51,,4.4,60197416,https://earthquake.usgs.gov/fdsnws/event/1/query?eventid=nm60197416&format=geojson,0.04611,90.0,64,"nm60197416,us20009kwn",2.58,md,,nm,38.0,"8km ENE of Bonne Terre, Missouri",0.21,142,",nm,us,",reviewed,1496748587180,"M 2.6 - 8km ENE of Bonne Terre, Missouri",0,earthquake,"dyfi,geoserve,origin,phase-data",-360,1505830365794,https://earthquake.usgs.gov/earthquakes/eventpage/nm60197416
us20009kqe,-98.9652,36.5363,5.382,,,20009kqe,https://earthquake.usgs.gov/fdsnws/event/1/query?eventid=us20009kqe&format=geojson,,,62,us20009kqe,2.8,ml,,us,,"24km ENE of Mooreland, Oklahoma",0.3,121,",us,",reviewed,1496637361100,"M 2.8 - 24km ENE of Mooreland, Oklahoma",0,earthquake,"geoserve,origin,phase-data",-360,1502851336040,https://earthquake.usgs.gov/earthquakes/eventpage/us20009kqe
us20009knr,-98.7973,36.4857,4.192,,,20009knr,https://earthquake.usgs.gov/fdsnws/event/1/query?eventid=us20009knr&format=geojson,,,61,us20009knr,2.7,ml,,us,,"36km E of Mooreland, Oklahoma",0.41,112,",us,",reviewed,1496614033600,"M 2.7 - 36km E of Mooreland, Oklahoma",0,earthquake,"geoserve,origin,phase-data",-360,1502851336040,https://earthquake.usgs.gov/earthquakes/eventpage/us20009knr
us20009knc,-98.7914,36.489,4.473,,3.4,20009knc,https://earthquake.usgs.gov/fdsnws/event/1/query?eventid=us20009knc&format=geojson,,3.0,36,us20009knc,2.9,ml,,us,,"36km SSW of Alva, Oklahoma",0.29,130,",us,",reviewed,1496605510000,"M 2.9 - 36km SSW of Alva, Oklahoma",0,earthquake,"dyfi,geoserve,origin,phase-data",-360,1502851336040,https://earthquake.usgs.gov/earthquakes/eventpage/us20009knc
us20009kmt,-97.1817,35.6811,4.744,,3.1,20009kmt,https://earthquake.usgs.gov/fdsnws/event/1/query?eventid=us20009kmt&format=geojson,,1.0,52,us20009kmt,3.0,ml,,us,,"2km NNE of Luther, Oklahoma",0.22,139,",us,",reviewed,1496599692200,"M 3.0 - 2km NNE of Luther, Oklahoma",0,earthquake,"dyfi,geoserve,origin,phase-data",-360,1502851336040,https://earthquake.usgs.gov/earthquakes/eventpage/us20009kmt
us20009kmn,-97.7079,36.9322,3.568,,,20009kmn,https://earthquake.usgs.gov/fdsnws/event/1/query?eventid=us20009kmn&format=geojson,,,47,us20009kmn,2.7,ml,,us,,"14km SW of Caldwell, Kansas",0.49,112,",us,",reviewed,1496597422500,"M 2.7 - 14km SW of Caldwell, Kansas",0,earthquake,"geoserve,origin,phase-data",-360,1502851336040,https://earthquake.usgs.gov/earthquakes/eventpage/us20009kmn
us20009klg,-97.9827,37.2348,4.22,,,20009klg,https://earthquake.usgs.gov/fdsnws/event/1/query?eventid=us20009klg&format=geojson,0.012,,234,"ismpkansas70228678,us20009klg",2.5,ml,,us,,"6km SSE of Harper, Kansas",0.25,96,",ismpkansas,us,",reviewed,1496556840250,"M 2.5 - 6km SSE of Harper, Kansas",0,earthquake,"geoserve,origin,phase-data",-360,1502851335040,https://earthquake.usgs.gov/earthquakes/eventpage/us20009klg
us20009klb,-96.6482,35.7992,4.92,,3.8,20009klb,https://earthquake.usgs.gov/fdsnws/event/1/query?eventid=us20009klb&format=geojson,,6.0,58,us20009klb,2.7,ml,,us,,"5km N of Stroud, Oklahoma",0.19,114,",us,",reviewed,1496555853800,"M 2.7 - 5km N of Stroud, Oklahoma",0,earthquake,"dyfi,geoserve,origin,phase-data",-360,1502851335040,https://earthquake.usgs.gov/earthquakes/eventpage/us20009klb
us20009kkq,-98.2405,36.8474,6.524,,,20009kkq,https://earthquake.usgs.gov/fdsnws/event/1/query?eventid=us20009kkq&format=geojson,,,97,us20009kkq,2.9,ml,,us,,"14km NE of Cherokee, Oklahoma",0.45,129,",us,",reviewed,1496540766900,"M 2.9 - 14km NE of Cherokee, Oklahoma",0,earthquake,"geoserve,origin,phase-data",-360,1502851335040,https://earthquake.usgs.gov/earthquakes/eventpage/us20009kkq
us20009kjb,-97.5665,36.2207,6.696,,,20009kjb,https://earthquake.usgs.gov/fdsnws/event/1/query?eventid=us20009kjb&format=geojson,,,30,us20009kjb,2.5,ml,,us,,"26km WSW of Perry, Oklahoma",0.2,96,",us,",reviewed,1496528741700,"M 2.5 - 26km WSW of Perry, Oklahoma",0,earthquake,"geoserve,origin,phase-data",-360,1502764013040,https://earthquake.usgs.gov/earthquakes/eventpage/us20009kjb
us20009kj0,-98.1776,39.7612,5.0,,2.7,20009kj0,https://earthquake.usgs.gov/fdsnws/event/1/query?eventid=us20009kj0&format=geojson,1.122,5.0,44,us20009kj0,3.0,mb_lg,,us,,"4km SE of Mankato, Kansas",0.84,140,",us,",reviewed,1496521760700,"M 3.0 - 4km SE of Mankato, Kansas",0,earthquake,"dyfi,geoserve,origin,phase-data",-360,1502764013040,https://earthquake.usgs.gov/earthquakes/eventpage/us20009kj0
us20009kiy,-97.5519,36.7844,7.995,,,20009kiy,https://earthquake.usgs.gov/fdsnws/event/1/query?eventid=us20009kiy&format=geojson,,,66,us20009kiy,2.7,ml,,us,,"16km E of Medford, Oklahoma",0.2,112,",us,",reviewed,1496520929900,"M 2.7 - 16km E of Medford, Oklahoma",0,earthquake,"geoserve,origin,phase-data",-360,1502764013040,https://earthquake.usgs.gov/earthquakes/eventpage/us20009kiy
nm60197221,-89.5126667,36.2971667,9.47,,,60197221,https://earthquake.usgs.gov/fdsnws/event/1/query?eventid=nm60197221&format=geojson,0.04057,,33,"nm60197221,us20009khf",2.73,md,,nm,51.0,"4km NNW of Ridgely, Tennessee",0.09,115,",nm,us,",reviewed,1496480463350,"M 2.7 - 4km NNW of Ridgely, Tennessee",0,earthquake,"geoserve,origin,phase-data",-360,1502764012040,https://earthquake.usgs.gov/earthquakes/eventpage/nm60197221
us20009kh9,-97.6872,36.2603,8.151,,,20009kh9,https://earthquake.usgs.gov/fdsnws/event/1/query?eventid=us20009kh9&format=geojson,,,30,us20009kh9,2.6,ml,,us,,"19km E of Waukomis, Oklahoma",0.18,104,",us,",reviewed,1496475375400,"M 2.6 - 19km E of Waukomis, Oklahoma",0,earthquake,"geoserve,origin,phase-data",-360,1502764012040,https://earthquake.usgs.gov/earthquakes/eventpage/us20009kh9
us20009kfw,-81.2934,39.9166,1.73,,4.3,20009kfw,https://earthquake.usgs.gov/fdsnws/event/1/query?eventid=us20009kfw&format=geojson,0.338,116.0,23,"us20009kfw,ld60135851",3.4,mwr,,us,,"12km SW of Barnesville, Ohio",0.59,228,",us,ld,",reviewed,1496459320020,"M 3.4 - 12km SW of Barnesville, Ohio",0,earthquake,"dyfi,geoserve,moment-tensor,origin,phase-data",-300,1505318975340,https://earthquake.usgs.gov/earthquakes/eventpage/us20009kfw
us20009jaq,-96.6399,35.8731,4.472,,,20009jaq,https://earthquake.usgs.gov/fdsnws/event/1/query?eventid=us20009jaq&format=geojson,,,41,us20009jaq,2.5,ml,,us,,"13km SSW of Drumright, Oklahoma",0.24,96,",us,",reviewed,1496423184400,"M 2.5 - 13km SSW of Drumright, Oklahoma",0,earthquake,"geoserve,origin,phase-data",-360,1502764011040,https://earthquake.usgs.gov/earthquakes/eventpage/us20009jaq
se60197121,-85.5663333,34.4156667,13.19,,3.3,60197121,https://earthquake.usgs.gov/fdsnws/event/1/query?eventid=se60197121&format=geojson,0.1294,9.0,147,"se60197121,us20009j8i",2.58,md,,se,16.0,"14km ESE of Fort Payne, Alabama",0.12,105,",se,us,",reviewed,1496412515530,"M 2.6 - 14km ESE of Fort Payne, Alabama",0,earthquake,"dyfi,geoserve,origin,phase-data",-360,1502764011040,https://earthquake.usgs.gov/earthquakes/eventpage/se60197121
us20009j8h,-97.6707,36.6987,5.646,,2.0,20009j8h,https://earthquake.usgs.gov/fdsnws/event/1/query?eventid=us20009j8h&format=geojson,,1.0,50,us20009j8h,3.1,ml,,us,,"13km SSE of Medford, Oklahoma",0.48,148,",us,",reviewed,1496412142400,"M 3.1 - 13km SSE of Medford, Oklahoma",0,earthquake,"dyfi,geoserve,origin,phase-data",-360,1502764011040,https://earthquake.usgs.gov/earthquakes/eventpage/us20009j8h
us20009j6n,-97.3861,37.4224,5.0,,2.2,20009j6n,https://earthquake.usgs.gov/fdsnws/event/1/query?eventid=us20009j6n&format=geojson,0.192,4.0,172,us20009j6n,2.5,mb_lg,,us,,"9km WNW of Belle Plaine, Kansas",0.14,97,",us,",reviewed,1496386807670,"M 2.5 - 9km WNW of Belle Plaine, Kansas",0,earthquake,"dyfi,geoserve,origin,phase-data",-360,1502764011040,https://earthquake.usgs.gov/earthquakes/eventpage/us20009j6n
us20009j6f,-97.398,35.6705,5.479,,3.6,20009j6f,https://earthquake.usgs.gov/fdsnws/event/1/query?eventid=us20009j6f&format=geojson,,4.0,30,us20009j6f,2.5,ml,,us,,"7km ENE of Edmond, Oklahoma",0.17,98,",us,",reviewed,1496385595300,"M 2.5 - 7km ENE of Edmond, Oklahoma",0,earthquake,"dyfi,geoserve,origin,phase-data",-360,1502764011040,https://earthquake.usgs.gov/earthquakes/eventpage/us20009j6f
us20009j6b,-97.3907,35.6675,5.0,,2.0,20009j6b,https://earthquake.usgs.gov/fdsnws/event/1/query?eventid=us20009j6b&format=geojson,,1.0,36,us20009j6b,2.5,ml,,us,,"8km ENE of Edmond, Oklahoma",0.38,96,",us,",reviewed,1496385207300,"M 2.5 - 8km ENE of Edmond, Oklahoma",0,earthquake,"dyfi,geoserve,origin,phase-data",-360,1502764011040,https://earthquake.usgs.gov/earthquakes/eventpage/us20009j6b
us20009j60,-98.728,36.4902,5.597,,2.0,20009j60,https://earthquake.usgs.gov/fdsnws/event/1/query?eventid=us20009j60&format=geojson,,1.0,30,us20009j60,2.5,ml,,us,,"33km NW of Fairview, Oklahoma",0.22,96,",us,",reviewed,1496381812700,"M 2.5 - 33km NW of Fairview, Oklahoma",0,earthquake,"dyfi,geoserve,origin,phase-data",-360,1502764011040,https://earthquake.usgs.gov/earthquakes/eventpage/us20009j60
us20009j5x,-98.9829,36.522,4.508,,2.0,20009j5x,https://earthquake.usgs.gov/fdsnws/event/1/query?eventid=us20009j5x&format=geojson,,1.0,111,us20009j5x,2.7,ml,,us,,"21km ENE of Mooreland, Oklahoma",0.62,112,",us,",reviewed,1496379356300,"M 2.7 - 21km ENE of Mooreland, Oklahoma",0,earthquake,"dyfi,geoserve,origin,phase-data",-360,1502764011040,https://earthquake.usgs.gov/earthquakes/eventpage/us20009j5x
us20009j5m,-97.5906,36.1685,5.325,,,20009j5m,https://earthquake.usgs.gov/fdsnws/event/1/query?eventid=us20009j5m&format=geojson,,,21,us20009j5m,2.6,ml,,us,,"23km N of Crescent, Oklahoma",0.37,104,",us,",reviewed,1496372151400,"M 2.6 - 23km N of Crescent, Oklahoma",0,earthquake,"geoserve,origin,phase-data",-360,1502764010040,https://earthquake.usgs.gov/earthquakes/eventpage/us20009j5m
us10008xcl,-98.7472,36.4715,7.959,,2.2,10008xcl,https://earthquake.usgs.gov/fdsnws/event/1/query?eventid=us10008xcl&format=geojson,,2.0,43,us10008xcl,3.1,ml,,us,,"32km NW of Fairview, Oklahoma",0.22,148,",us,",reviewed,1496354109700,"M 3.1 - 32km NW of Fairview, Oklahoma",0,earthquake,"dyfi,geoserve,origin,phase-data",-360,1502764010040,https://earthquake.usgs.gov/earthquakes/eventpage/us10008xcl
us10008xbv,-98.7903,36.4569,5.108,,3.4,10008xbv,https://earthquake.usgs.gov/fdsnws/event/1/query?eventid=us10008xbv&format=geojson,,6.0,37,us10008xbv,3.5,ml,2.74,us,,"34km NW of Fairview, Oklahoma",0.37,191,",us,",reviewed,1496351168100,"M 3.5 - 34km NW of Fairview, Oklahoma",0,earthquake,"dyfi,geoserve,origin,phase-data,shakemap",-360,1502764010040,https://earthquake.usgs.gov/earthquakes/eventpage/us10008xbv
us10008xbe,-97.493,37.4553,5.0,,,10008xbe,https://earthquake.usgs.gov/fdsnws/event/1/query?eventid=us10008xbe&format=geojson,0.167,,102,us10008xbe,2.7,mb_lg,,us,,"5km S of Clearwater, Kansas",0.37,112,",us,",reviewed,1496350087230,"M 2.7 - 5km S of Clearwater, Kansas",0,earthquake,"geoserve,origin,phase-data",-360,1502764010040,https://earthquake.usgs.gov/earthquakes/eventpage/us10008xbe
us10008x82,-97.9753,37.2317,4.25,,,10008x82,https://earthquake.usgs.gov/fdsnws/event/1/query?eventid=us10008x82&format=geojson,0.006,,260,"ismpkansas70228413,us10008x82",2.5,ml,,us,,"7km SE of Harper, Kansas",0.56,96,",ismpkansas,us,",reviewed,1496345450120,"M 2.5 - 7km SE of Harper, Kansas",0,earthquake,"geoserve,origin,phase-data",-360,1502764010040,https://earthquake.usgs.gov/earthquakes/eventpage/us10008x82
us10008x7c,-97.9817,37.2347,4.59,,3.9,10008x7c,https://earthquake.usgs.gov/fdsnws/event/1/query?eventid=us10008x7c&format=geojson,0.012,8.0,234,"us10008x7c,ismpkansas70228403",3.6,ml,4.15,us,,"6km SE of Harper, Kansas",0.31,203,",us,ismpkansas,",reviewed,1496341599740,"M 3.6 - 6km SE of Harper, Kansas",0,earthquake,"dyfi,geoserve,origin,phase-data,shakemap",-360,1502764010040,https://earthquake.usgs.gov/earthquakes/eventpage/us10008x7c
us10008x78,-98.9852,36.5245,4.83,,,10008x78,https://earthquake.usgs.gov/fdsnws/event/1/query?eventid=us10008x78&format=geojson,,,110,us10008x78,2.6,ml,,us,,"21km ENE of Mooreland, Oklahoma",0.37,104,",us,",reviewed,1496340747600,"M 2.6 - 21km ENE of Mooreland, Oklahoma",0,earthquake,"geoserve,origin,phase-data",-360,1502764010040,https://earthquake.usgs.gov/earthquakes/eventpage/us10008x78
us10008x1u,-97.4003,35.6753,6.673,,2.2,10008x1u,https://earthquake.usgs.gov/fdsnws/event/1/query?eventid=us10008x1u&format=geojson,,3.0,68,us10008x1u,2.6,ml,,us,,"7km ENE of Edmond, Oklahoma",0.23,105,",us,",reviewed,1496315597000,"M 2.6 - 7km ENE of Edmond, Oklahoma",0,earthquake,"dyfi,geoserve,origin,phase-data",-360,1502764010040,https://earthquake.usgs.gov/earthquakes/eventpage/us10008x1u
us10008x13,-97.6702,36.7029,5.0,,2.0,10008x13,https://earthquake.usgs.gov/fdsnws/event/1/query?eventid=us10008x13&format=geojson,,1.0,50,us10008x13,2.7,ml,,us,,"12km SSE of Medford, Oklahoma",0.42,112,",us,",reviewed,1496299827000,"M 2.7 - 12km SSE of Medford, Oklahoma",0,earthquake,"dyfi,geoserve,origin,phase-data",-360,1502764010040,https://earthquake.usgs.gov/earthquakes/eventpage/us10008x13
us10008x08,-97.7999,35.2546,5.981,,4.6,10008x08,https://earthquake.usgs.gov/fdsnws/event/1/query?eventid=us10008x08&format=geojson,,48.0,29,us10008x08,2.9,ml,,us,,"4km SSE of Tuttle, Oklahoma",0.7,151,",us,",reviewed,1496289475700,"M 2.9 - 4km SSE of Tuttle, Oklahoma",0,earthquake,"dyfi,geoserve,origin,phase-data",-360,1502764009040,https://earthquake.usgs.gov/earthquakes/eventpage/us10008x08
us10008wzv,-98.7969,36.4569,5.732,,,10008wzv,https://earthquake.usgs.gov/fdsnws/event/1/query?eventid=us10008wzv&format=geojson,,,38,us10008wzv,2.5,ml,,us,,"35km NW of Fairview, Oklahoma",0.36,96,",us,",reviewed,1496285463600,"M 2.5 - 35km NW of Fairview, Oklahoma",0,earthquake,"geoserve,origin,phase-data",-360,1502764009040,https://earthquake.usgs.gov/earthquakes/eventpage/us10008wzv
